{
	"class_name" : "PinholeCameraParameters",
	"extrinsic" : 
	[
		0.86591660354705557,
		0.11879308255393442,
		-0.48587718534508867,
		0.0,
		-0.26819237100254217,
		0.9302180176144017,
		-0.25053401334263475,
		0.0,
		0.42221000442619355,
		0.34725011626040797,
		0.83735062483977818,
		0.0,
		0.023061669545427765,
		2.2703535919700193,
		6.8932809588359509,
		1.0
	],
	"intrinsic" : 
	{
		"height" : 1080,
		"intrinsic_matrix" : 
		[
			935.30743608719376,
			0.0,
			0.0,
			0.0,
			935.30743608719376,
			0.0,
			959.5,
			539.5,
			1.0
		],
		"width" : 1920
	},
	"version_major" : 1,
	"version_minor" : 0
}